INSERT INTO MEMBER(ACCOUNT,PASSWORD,NAME,Nickname,CELL,EMAIL,Address,ROLE,STATUS) 
VALUES ('Admin','123','管理員','管理員','0000-000000','admin@animour.com','台北市大安區','Admin',true);
INSERT INTO MEMBER(ACCOUNT,PASSWORD,NAME,Nickname,CELL,EMAIL,Address,STATUS, Signature,images) 
VALUES ('ViewSonic','123','Alex Wu','Alex','0900-000000','alex@gmail.com','台北市大安區', true,'view sonic haha ', 'https://i.imgur.com/MpJe3lW.jpg');
INSERT INTO MEMBER(ACCOUNT,PASSWORD,NAME,Nickname,CELL,EMAIL,Address,STATUS, Signature,images) VALUES ('ryu', 'Aa123', '呂悠悠', 'ryu','0912-345678','ryu@gail.com','台北市大安區',true,'ryu happy everyday.','https://i.imgur.com/MpJe3lW.jpg' );
INSERT INTO MEMBER(ACCOUNT,PASSWORD,NAME,Nickname,CELL,EMAIL,Address,STATUS, Signature,images) VALUES ('Alisasa', 'Aa123', '艾莉莎陳', '艾莉莎莎','0912-345678','Alisasa@gail.com','台北市大安區',true,'Alisasa happy everyday.','https://i.imgur.com/MpJe3lW.jpg' );
INSERT INTO MEMBER(ACCOUNT,PASSWORD,NAME,Nickname,CELL,EMAIL,Address,STATUS, Signature,images) VALUES ('kingjames', 'Aa123', '布朗勒', '布朗詹姆斯','0912-345678','kingjames@gail.com','台北市大安區',true,'kingjames happy everyday.','https://i.imgur.com/MpJe3lW.jpg' );
INSERT INTO MEMBER(ACCOUNT,PASSWORD,NAME,Nickname,CELL,EMAIL,Address,STATUS, Signature,images) VALUES ('captain.lu', 'Aa123', '盧廣中', '晨之美','0912-345678','captain.lu@gail.com','台北市大安區',true,'captain.lu happy everyday.','https://i.imgur.com/MpJe3lW.jpg' );
INSERT INTO MEMBER(ACCOUNT,PASSWORD,NAME,Nickname,CELL,EMAIL,Address,STATUS, Signature,images) VALUES ('bravolav', 'Aa123', '宋芸樺', '喬喬','0912-345678','bravolav@gail.com','台北市大安區',true,'bravolav happy everyday.','https://i.imgur.com/MpJe3lW.jpg' );
INSERT INTO MEMBER(ACCOUNT,PASSWORD,NAME,Nickname,CELL,EMAIL,Address,STATUS, Signature,images) VALUES ('bryanchang1988', 'Aa123', '張書豪', 'Bryan','0912-345678','bryanchang1988@gail.com','台北市大安區',true,'bryanchang1988 happy everyday.','https://i.imgur.com/MpJe3lW.jpg' );
INSERT INTO MEMBER(ACCOUNT,PASSWORD,NAME,Nickname,CELL,EMAIL,Address,STATUS, Signature,images) VALUES ('Yga0721', 'Aa123', '蔡阿嘎', '嘎','0912-345678','Yga0721@gail.com','台北市大安區',false,'Yga0721 happy everyday.','https://i.imgur.com/MpJe3lW.jpg' );
INSERT INTO MEMBER(ACCOUNT,PASSWORD,NAME,Nickname,CELL,EMAIL,Address,STATUS, Signature,images) VALUES ('johnny__bms', 'Aa123', '楊銘威', 'johnny','0912-345678','johnny__bms@gail.com','台北市大安區',false,'johnny__bms happy everyday.','https://i.imgur.com/MpJe3lW.jpg' );
INSERT INTO MEMBER(ACCOUNT,PASSWORD,NAME,Nickname,CELL,EMAIL,Address,STATUS, Signature,images) VALUES ('panyingchu', 'Aa123', '潘暎竹', '阿竹','0912-345678','panyingchu@gail.com','台北市大安區',false,'panyingchu happy everyday.','https://i.imgur.com/MpJe3lW.jpg' );
INSERT INTO MEMBER(ACCOUNT,PASSWORD,NAME,Nickname,CELL,EMAIL,Address,STATUS, Signature,images) VALUES ('harrychang1122', 'Aa123', '張懷秋', 'Harry','0912-345678','harrychang1122@gail.com','台北市大安區',false,'harrychang1122 happy everyday.','https://i.imgur.com/MpJe3lW.jpg' );
INSERT INTO MEMBER(ACCOUNT,PASSWORD,NAME,Nickname,CELL,EMAIL,Address,STATUS)
VALUES ('BenQ','123','Annie Wu','Annie','0900-000000','annie@gail.com','台北市中正區', true);
INSERT INTO MEMBER(ACCOUNT,PASSWORD,NAME,Nickname,CELL,EMAIL,Address,true) 
VALUES ('Sony','Aa1','Sony Su','Apple','0900-000000','apple@gail.com','台北市萬華區',false);
INSERT INTO MEMBER(ACCOUNT,PASSWORD,NAME,Nickname,CELL,EMAIL,Address,STATUS) 
VALUES ('Candy','Aa1','Candy Su','C','0900-000000','candy@gail.com','台北市萬華區',false);
INSERT INTO MEMBER(ACCOUNT,PASSWORD,NAME,Nickname,CELL,EMAIL,Address,STATUS) 
VALUES ('Dog','Aa1','Candy Co','D','0900-000000','dog@gail.com','台北市萬華區',false);
INSERT INTO MEMBER(ACCOUNT,PASSWORD,NAME,Nickname,CELL,EMAIL,Address,STATUS) 
VALUES ('Egg','Aa1','Egg u','E','0900-000000','egg@gail.com','台北市萬華區',false);
INSERT INTO MEMBER(ACCOUNT,PASSWORD,NAME,Nickname,CELL,EMAIL,Address,STATUS) 
VALUES ('Fish','Aa1','Fish Su','F','0900-000000','fish@gail.com','台北市萬華區',false);
INSERT INTO MEMBER(ACCOUNT,PASSWORD,NAME,Nickname,CELL,EMAIL,Address,STATUS) 
VALUES ('Google','Aa1','Goo Su','G','0900-000000','google@gail.com','台北市萬華區',false);
INSERT INTO MEMBER(ACCOUNT,PASSWORD,NAME,Nickname,CELL,EMAIL,Address,STATUS) 
VALUES ('Hello','Aa1','Hello Word','Hi','0900-000000','hello@gail.com','台北市萬華區',false);
INSERT INTO MEMBER(ACCOUNT,PASSWORD,NAME,Nickname,CELL,EMAIL,Address,STATUS) 
VALUES ('IU','Aa1','I u','IEE','0900-000000','i@gail.com','台北市萬華區',false);
INSERT INTO MEMBER(ACCOUNT,PASSWORD,NAME,Nickname,CELL,EMAIL,Address,STATUS) 
VALUES ('Jessi','Aa1','J J','JJ','0900-000000','jj@gail.com','台北市萬華區',false);
INSERT INTO MEMBER(ACCOUNT,PASSWORD,NAME,Nickname,CELL,EMAIL,Address,STATUS) 
VALUES ('Kara','Aa1','Kara ka','kerker','0900-000000','kerker@gail.com','台北市萬華區',false);

 
 
/*2 Hospital*/
insert into Hospital ( Englishname, Name , Tel , Address, POSTCODE  ) values ('AAAAAAAA',  'A8',  '01-000',  '路上','10000' );  
insert into Hospital ( Englishname, Name , Tel , Address, POSTCODE  ) values ('aurora_animal',  '極光動物醫院',  '02-27848211',  '台北市大安區建國南路二段31號','10000' );  
insert into Hospital ( Englishname, Name , Tel , Address, POSTCODE  ) values ('drpet',  '敦品動物醫院',  '02-27070877',  '台北市大安區大安路一段205-1號','10000' );  
insert into Hospital ( Englishname, Name , Tel , Address, POSTCODE  ) values ('chengyi',  '澄毅動物醫院',  '02-27334341',  '台北市大安區安和路二段171巷13號','10000' );  
insert into Hospital ( Englishname, Name , Tel , Address, POSTCODE  ) values ('BisousAH',  '磨鼻子動物醫院',  '03-4535740',  '桃園市中壢區延平路20號','10000' );  
insert into Hospital ( Englishname, Name , Tel , Address, POSTCODE  ) values ('ChampionSAL',  '呈品動物醫院',  '03-2806070',  '桃園市中壢區中豐路359號','10000' );  
insert into Hospital ( Englishname, Name , Tel , Address, POSTCODE  ) values ('petfamily007',  '圓霖動物醫院-中山',  '03-4653377',  ' 桃園縣中壢市中山東路二段16號','10000' );  
insert into Hospital ( Englishname, Name , Tel , Address, POSTCODE  ) values ('noahvet',  '諾亞動物醫院',  '03-4264015',  ' 桃園縣中壢市中山路36號','10000' );  
insert into Hospital ( Englishname, Name , Tel , Address, POSTCODE  ) values ('topvet',  '中壢太樸動物醫院',  '03-4569911',  ' 桃園縣中壢市中北路51號','10000' );  
insert into Hospital ( Englishname, Name , Tel , Address, POSTCODE  ) values ('long-life-vet',  '恆生動物醫院',  '03-4251893',  ' 桃園縣中壢市中美路一段13號','10000' );  
insert into Hospital ( Englishname, Name , Tel , Address, POSTCODE  ) values ('WellvetAnimalHospitalital',  '台大良一動物醫院',  '02-24263021',  '基隆市信義區義九路2號','10000' );  

/*3 Animal */
INSERT INTO CITY (id, name) VALUES 
(1, '宜蘭縣'),(2, '基隆市'),(3, '台北市'),(4, '新北市'),(5, '桃園市'),(6, '新竹市'),
(7, '新竹縣'),(8, '苗栗縣'),(9, '台中市'),(10, '彰化縣'),(11, '南投縣'),(12, '雲林縣'),
(13, '嘉義市'),(14, '嘉義縣'),(15, '台南市'),(16, '高雄市'),(17, '屏東縣'),(18, '台東縣'),
(19, '花蓮縣'),(20, '澎湖縣'),(21, '金門縣'),(22, '連江縣');
insert into animal(status, name, specie, color, found, upload, city_id, district, member_id, age, size, gender) values  ('開放認養', 'BlackDog', '狗', 'BLACK', '2017-01-01', '2018-03-10 12:00:00', '1', '北投區', 1, '成年', '大型', '公');
insert into animal(status, name, specie, color, found, upload, city_id, district, member_id, age, size, gender) values  ('開放認養', 'YellowDog', '狗', 'YELLOW', '2017-02-01', '2018-03-10 13:00:00', '1', '左營區', 1, '成年', '大型', '公');
insert into animal(status, name, specie, color, found, upload, city_id, district, member_id, age, size, gender) values  ('開放認養', 'WhiteDog', '狗', 'WHITE', '2017-03-01', '2018-03-10 14:00:00', '1', '大安區', 1, '成年', '中型', '母');
insert into animal(status, name, specie, color, found, upload, city_id, district, member_id, age, size, gender) values  ('開放認養', 'BrownDog', '狗', 'BROWN', '2018-04-01', '2018-03-10 15:00:00', '3', '東區', 1, '成年', '大型', '公');
insert into animal(status, name, specie, color, found, upload, city_id, district, member_id, age, size, gender) values  ('開放認養', 'BlackCat', '貓', 'BLACK', '2017-05-01', '2018-03-10 16:00:00', '8', '左營區', 1, '幼年', '中型', '母');
insert into animal(status, name, specie, color, found, upload, city_id, district, member_id, age, size, gender) values  ('開放認養', 'BlueCat', '貓', 'BLUE', '2017-06-01', '2018-03-10 17:00:00', '8', '北投區',2, '老年', '大型', '公');
insert into animal(status, name, specie, color, found, upload, city_id, district, member_id, age, size, gender) values  ('開放認養', 'OrangeCat', '貓', 'ORANGE', '2017-07-01', '2018-03-10 18:00:00', '1', '左營區',2, '幼年', '小型', '母');
insert into animal(status, name, specie, color, found, upload, city_id, district, member_id, age, size, gender) values  ('開放認養', 'WhiteRabbit', '兔', 'BLACK', '2017-08-01', '2018-03-10 19:00:00', '15', '北投區',2, '幼年', '大型', '公');
insert into animal(status, name, specie, color, found, upload, city_id, district, member_id, age, size, gender) values  ('開放認養', 'GreyRabbit', '兔', 'BLACK', '2017-09-01', '2018-03-10 20:00:00', '1', '西區',2, '老年', '大型', '公');
insert into animal(status, name, specie, color, found, upload, city_id, district, member_id, age, size, gender) values  ('開放認養', 'YellowBird', '鳥', 'BLACK', '2017-10-01', '2018-03-10 21:00:00', '3', '西區',2, '幼年', '小型', '母');

/*4 article */
INSERT INTO CATEGORY(NAME) VALUES ('寵物');
 
INSERT INTO CATEGORY(NAME) VALUES ('心得');

INSERT INTO CATEGORY(NAME) VALUES ('開箱');

INSERT INTO CATEGORY(NAME) VALUES ('閒聊');

INSERT INTO CATEGORY(NAME) VALUES ('情報');

INSERT INTO CATEGORY(NAME) VALUES ('問題');

 
insert into article (subject,content,post_Time,UPDATE_TIME,MEMBER_ID,CLICK,THUMBS_QUANTITY,CATEGORY_ID,images) values ('Tips for Living with a Cat in a Apartment','Cats Can be Good Roommates
Having a cat living inside the home is known to produce a number of positive health benefits for people. Pets – especially cats - are increasingly being allowed in many rental units. Even dogs - especially small ones – are finding their way into apartments in both urban and suburban settings. Indoor living also has quite a few advantages for the cats: they are at much less risk of being hit by cars, getting into fights, getting lost, becoming pregnant or impregnating other cats, catching contagious diseases and becoming infested with external and internal parasites. Cats are among the best-suited of all companion animals to living their lives entirely inside of an apartment or other small dwelling. However, before bringing a cat into a home, rented or otherwise, prospective owners should consider whether or not this arrangement is going to be right for them, and for their cats, over the long haul.','1999-01-08 04:05:06','1999-01-08 04:05:06',3,9,0,1,'https://i.imgur.com/ONQa0zH.jpg');

insert into article (subject,content,post_Time,UPDATE_TIME,MEMBER_ID,CLICK,THUMBS_QUANTITY,CATEGORY_ID,images) values ('Living with Cats in Apartments: How to Make It Work in a Tiny Space','I’m almost living the dream. Well, my dream. My tiny dream. While some people dream about mansions or penthouses, I dream of wee little homes on wheels with snug lofts and crannies. I don’t quite have my wheeled house of dreams yet, but in moving to Japan I got pretty darn close. My apartment is the smallest I’ve ever inhabited, and I LOVE IT. But living with cats in apartments does have its challenges:','2015-01-07 00:00:00','2015-01-07 00:00:00',2,7,0,2,'https://i.imgur.com/gYOdLju.jpg');

insert into article (subject,content,post_Time,UPDATE_TIME,MEMBER_ID,CLICK,THUMBS_QUANTITY,CATEGORY_ID,images) values ('【台中早午餐推薦】嗝Gé寵物餐廳．毛小孩咖啡廳。老宅改建餐廳，寵物親善餐廳，有可愛的法鬥和八哥犬駐店，可以從早午餐吃到下午茶','
話說我個人對寵物並沒有多大的熱情，不過法鬥卻是例外的惹我憐愛，總覺得看起來無辜又可愛，而且胖嘟嘟的外型好像小嬰兒一樣…XD

這天是臨時得到半天空閒，所以就當了跟屁蟲來到這間新開的 《嗝Gé寵物餐廳》…
《嗝Gé寵物餐廳》位於忠勤街上，林森路往復興路的方向，看到忠勤街右轉，大概前方100公尺右手邊就是了…
外觀也是一間老宅，沒有仔細看的話，還真不曉得它是一間餐廳呀！
《嗝Gé寵物餐廳》是一間寵物親善餐廳，如果家裡有小狗狗的話，很歡迎帶到這裡，當然~沒有狗的話也是可以來的啦！
老宅改建餐廳，門口有一個庭院…
因為怕店裡的小狗狗會亂跑的關係，所以有用柵欄圍起來…
我覺得《嗝Gé寵物餐廳》的氛圍和《默默手作輕食》有點像，很巧的是默默也有一隻店長叫碗果
吧檯上放了很多狗狗造型的製品…
主食…以手作麵包和貝果為主！
這裡的座位區不算少，而且以木質傢俱為主，乾乾淨淨的，很素雅…
套餐沙拉 - 木呈盤看起來質感加分…
和風咖哩雞肉飯 - $220元，這邊的咖哩飯不是使用調理包，味道濃郁卻很溫和，不會偏甜也不會偏辣… 
早午餐A．起司漢堡排 - $200元，主餐有3種選擇，我選擇了法式吐司，吃起來口感滿嫩的，不過因為有淡淡的肉桂味，所以~可能要看人吃！
漢堡排肉質很細膩，吃起來還滿滑嫩啾西的，上面的起司拌演著畫龍點睛的作用，並不會過於搶戲…
早午餐B．培根與香腸 - $190元，這份搭配的是貝果，所以視覺上好像又更澎派一些…
香腸和培根熟度都煎的很剛好，也不會過於油膩，香腸吃起來脆脆的，鹹度高了些…
早午餐C．香草雞 - $200元，感覺還滿養生的耶！
調味料很簡單，帶點迷迭香的味道，雞肉口感並不會顯柴…
附餐紅茶 - 喝起來帶有復古味，而且有厚度…
洛林經典鹹派 - $130元
檸檬蛋糕 - $80元
拿鐵咖啡 - $130元，這杯比較普通，感覺表現沒有紅茶來的出色…
★餐點介紹完了，現在來看店狗，他是一隻法國鬥牛犬，名字叫皮皮…！我至少拍了50張，沒有糊的大概只有10張…@@"…(它太好動了啦！XD) 
哈哈…哪裡有食物就往哪邊去，下次來我也要帶狗糧…
太萌了，真的…
★這是另外一隻店狗，八哥犬，他的名字叫皮蛋…^^…(其實另一隻應該改名叫豆腐的！)
他都不看我，我只拍的到他的屁股…所以照片是宅青提供的！甘蝦~
累了，用頭撞門，然後…主人就幫他開門了…主人邊開邊說：「他真好命捏，我就負責幫他開門…！！」XD','2015-04-16 00:00:00','2015-04-16 00:00:00',2,8,0,5,'https://i.imgur.com/aE4VGkC.jpg');

insert into article (subject,content,post_Time,UPDATE_TIME,MEMBER_ID,CLICK,THUMBS_QUANTITY,CATEGORY_ID,images) values ('養貓新手上路（認養貓咪的觀念＆帶貓咪回家要注意的事）','<h2>養貓新手上路（認養貓咪的觀念＆帶貓咪回家要注意的事＆貓咪的日常清潔與運動＆日常生活該怎麼照顧＆關於結紮這檔事＆貓咪生的什麼病？！）&nbsp;</h2><p>&nbsp;認養貓咪的觀念， 認養前，我們的10個約定：&nbsp;</p><ul><li>請給我一點時間，讓我瞭解你對我的要求</li><li>請信任我，這是我幸福的泉源</li><li>請不要忘記，我也是有血有肉的</li><li>在責罵前，請先試著瞭解我</li><li>請偶爾對我說說話，雖然我聽不懂，但我懂你的心</li><li>請不要打我，別忘了，我認真起來是比你還強壯的</li><li>請好好照顧我，當我逐漸變老時</li><li>請記住，你有你的工作、娛樂和朋友，但我就只有你</li><li>請想想，我的生命有10~15年，遺棄我會是對我最大的傷害</li><li>請在我最終離去前陪著我，這是我最後的心願。最後，請記得，我愛你。</li></ul><p>另外請注意：&nbsp;</p><ol><li>如家中已有貓咪者，家中的貓是否已完成疫苗注射？</li><li>隔離籠或小房間已準備妥當？</li><li>貓咪的水盆、飼料、貓砂盆是否已準備？</li><li>外出提籠是否已準備？</li><li>家俱可能會受傷的這件事，是否已準備包容?</li></ol><figure class="image"><img src="https://16608.cdn.cke-cs.com/nZO2k5WiHIWjQYuCvKvS/images/a81ac234bdf90c5213d6d8474387727b6b0b4e291f7eb770_貓床2.jpg" srcset="https://16608.cdn.cke-cs.com/nZO2k5WiHIWjQYuCvKvS/images/a81ac234bdf90c5213d6d8474387727b6b0b4e291f7eb770_貓床2.jpg/w_144 144w, https://16608.cdn.cke-cs.com/nZO2k5WiHIWjQYuCvKvS/images/a81ac234bdf90c5213d6d8474387727b6b0b4e291f7eb770_貓床2.jpg/w_224 224w, https://16608.cdn.cke-cs.com/nZO2k5WiHIWjQYuCvKvS/images/a81ac234bdf90c5213d6d8474387727b6b0b4e291f7eb770_貓床2.jpg/w_304 304w, https://16608.cdn.cke-cs.com/nZO2k5WiHIWjQYuCvKvS/images/a81ac234bdf90c5213d6d8474387727b6b0b4e291f7eb770_貓床2.jpg/w_384 384w, https://16608.cdn.cke-cs.com/nZO2k5WiHIWjQYuCvKvS/images/a81ac234bdf90c5213d6d8474387727b6b0b4e291f7eb770_貓床2.jpg/w_464 464w, https://16608.cdn.cke-cs.com/nZO2k5WiHIWjQYuCvKvS/images/a81ac234bdf90c5213d6d8474387727b6b0b4e291f7eb770_貓床2.jpg/w_544 544w" sizes="100vw" width="544"></figure>','2015-10-10 00:00:00','2015-10-10 00:00:00',2,51,0,2,'https://i.imgur.com/jp1wO6P.jpg');

insert into article (subject,content,post_Time,UPDATE_TIME,MEMBER_ID,CLICK,THUMBS_QUANTITY,CATEGORY_ID,images) values ('養狗知識: 狗狗動作及身體語言','<h3><i>你知道狗狗的很多動作其實是有特別意思的嗎? 以下是一些典型的犬隻肢體語言:&nbsp;</i></h3><ol><li>聞地面：這個動作被認為是當狗狗害怕對方（人或狗）時，想要使對方冷靜的信號。</li><li>一瞬間轉頭，把頭或眼睛轉向別方，有時這只是一瞬間的動作，可能您根本沒注意到這樣的行為。當小朋友跑向狗狗要抱牠時，害怕的狗狗可能就會有這樣的動作。 所以，請特別告誡小朋友，不要接近一隻瞪著你的陌生狗狗，"瞪著你"在狗狗的肢體語言就代表了攻擊性。當然，在沒有大人可隨時監看著的情況下，最好不要讓小朋友任意接近陌生的狗狗。&nbsp;</li><li>舔自己的鼻子：快或慢，都被認為是安撫陌生的對方的信號。而且有趣的是，黑色的狗狗會比其他毛色的狗狗更常使用這個動作。可能是因為黑色的狗狗比較不容易被看清楚臉部表情，而粉紅色的舌頭又特別明顯吧。&nbsp;</li><li>舔其他狗狗或人的臉：這普遍被認為是歡迎你的動作，有可能也是一個安撫的信號。&nbsp;</li><li>打呵欠：這是最普遍的一個正處於壓力下的信號。最常看到的時候就是在動物醫院、服從訓練中狗狗覺得主人要求太多、或被主人教訓時。&nbsp;</li><li>尾巴搖搖、兩腳站起、用前腳抓你：狗狗想要玩遊戲，表示想邀請你和他玩。熱情的狗狗，最希望你陪他一起玩，不管是你丟我撿、你跑我追、搶玩具。&nbsp;</li><li>翻著身子躺在地上，把肚子露出：狗狗認輸臣服的表示，肚子是狗狗最脆弱的地方，遇到老大或是比自己強勢的狗，認輸的一方便會躺在地上把肚子露出來，表示自己沒有敵意，你是老大般地向你釋出誠意。&nbsp;</li><li>尾巴搖動的速度越快：狗狗常常都是開心的，尤其是看到主人回家，幫他準備晚餐；或是聽到熟悉的腳步聲，知道你即將帶他出門散步。&nbsp;</li><li>露出牙齒低吼，或直接對目標狂吠：狗狗生氣，警告不要靠近，通常他們不會這樣對待你，但如果真的生氣了，狗狗會露出牙齒低吼示威。並不是真的要咬你，就像西部電影的牛仔生氣時，愛拔出武器示威一樣。&nbsp;</li><li>尾巴會垂下，屁屁向內弓：「夾著尾巴逃跑，先溜為妙」絕對是從狗狗得來的成語，狗狗感到害怕時，狀況不對先溜為妙。</li></ol>。','2018-05-07 00:00:00','2018-05-07 00:00:00',4,48,0,2,'https://i.imgur.com/NpK8a0G.jpg');

insert into article (subject,content,post_Time,UPDATE_TIME,MEMBER_ID,CLICK,THUMBS_QUANTITY,CATEGORY_ID,images) values ('請問養一隻狗開銷怎麼樣?','<p>問這問題是因為過去幾十年來, 從我爸小時候算起, 到現在我都快四十了, 我爸也當阿公了, 但我們家就是從來沒養過任何寵物. 所以自然對這方面的知識與經驗=0&nbsp;</p><p>其實我們家是蠻喜歡狗的, 兒子最近在嚷嚷說想養一隻, 只是一直沒有很認真的想要去做這件事. 能不能借這個版問一下, 請教各位, 先撇開購入幼犬的費用不計.....單純就幼犬抱回家之後, 大概每個月或每年要面臨哪些開銷啊? 能否用黃金獵犬跟威爾斯柯基犬, 這二種大小的狗, 讓我知道一下花費的預算大概會是多少啊? 非常感謝!!</p>','2018-03-07 00:00:00','2018-03-07 00:00:00',5,35,0,6,'https://i.imgur.com/e9i9jC5.jpg');

insert into comment (detail,update_Time,Article_Id,Member_Id) values ('我想~~這問題就像是人家問"養一個小孩要花多少錢"
意思是差不多的

可以貴著養也可以簡單隨便養
健康的花不了太多錢
一天到晚生病的醫藥費比人的還恐怖
有人天天煮新鮮的狗狗吃
有人一包國產飼料隨便餵
有人每周送洗美容
有人從來不洗狗

你只需要衡量狗來了後
家中沒人想照顧嫌牠麻煩時
你是否有把握養牠一輩子','2018-05-18 00:00:00',6,2);

insert into comment (detail,update_Time,Article_Id,Member_Id) values ('我自己經驗
養一隻約20kg中型犬
吃大包裝價位2500左右的飼料
加上必要的體外除蟲跟心絲蟲預防藥
一個月抓個2000~2500左右吧
(大概啦,沒精算)

但洗澡是自己洗
也不含零食玩具等

我養的是最好照顧的米克斯
還會偶而皮膚過敏跑跑獸醫院
養品種犬的話最好先研究一下遺傳疾病
有心理準備再養

最重要的是要確定自己跟家人都能對牠不離不棄
因為這是十幾年的承諾
祝福你~','2018-05-19 00:00:00',6,4);

insert into article (subject,content,post_Time,UPDATE_TIME,MEMBER_ID,CLICK,THUMBS_QUANTITY,CATEGORY_ID,images) values ('想養刺蝟的人看過來~','<h3>想養刺蝟的人請先考慮以下三點:&nbsp;</h3><ol><li>刺蝟跟鼠類的寵物是不太一樣的，照顧上也會比較麻煩。例如:刺蝟的腸道短，跑輪輪的時候會一邊興奮一邊拉屎~所以天天都要清理便便風火輪。&nbsp;</li><li>刺蝟並不親人!!!通常網路上有名的刺蝟，那種在主人手上睡覺的都是比傳說卡還稀有的等級~一般刺蝟都很膽小，甚至有的飼主花了一年的時間他家刺刺還是鳥都不鳥他==...我們家的算溫和，只要被捧起來之後怎麼跟她玩都不會生氣:D&nbsp;</li><li>刺蝟的大便滿臭的，因為他是肉食性的，據說跟貓屎差不多。雖然我沒養過貓，但真的滿臭的。阿排只要一大便，我就聞得出來，還曾經清晨被便便臭醒過...QQ 如果已經再三考慮，打算進入飼養階段的話，那我再說說刺蝟入手的方式與飼養常見的問題。 入手方式基本上就是去寵物店買or等領養or等人家生的寶寶。 沒錯，刺蝟是可以領養的，而且機率並沒有想像中低。建議加入一些刺蝟fb社團，裡面很多機會:D 我個人是很不希望各位去寵物店購買，因為寵物店的刺蝟大都體弱多病，而且寵物店不只會推薦不適合的飼料，也會亂教你怎麼養!!!刺蝟絕對需要分籠飼養，但很多寵物店都隨便養，墊材跟窩都準備的很爛，也沒有保溫燈。就算你那兩隻感情好不會打架，刺蝟也是獨居動物，請尊重他們的習性。(但是有時候看到魚X魚裡面可憐的小東西，還是很想把他們拯救出來... 飼養常見的問題如下，給新手參考。 飼養前當然要做足功課，我當初因為是自己的第一隻寵物所以很緊張地找了一堆資料。&nbsp;</li></ol><h4>刺蝟需要的基本用品有:&nbsp;</h4><ol><li>大型整理箱(也有人是買圍籬放養。)&nbsp;</li><li>墊材:貓砂or尿布墊(貓砂最好選低粉塵的，推薦玉米砂或紙砂) ps最好不要太香，我當初亂買綠茶砂，第2天我的刺蝟就拉出綠茶砂便便...&nbsp;</li><li>裝水跟食物的碗，重一點比較不會被頂翻，有人是用菸灰缸。&nbsp;</li><li>30公分以上大滾輪。網路上比較好找，寵物店很少有賣。&nbsp;</li><li>保溫燈or暖暖包。刺蝟適宜溫度是25度左右，台灣的天氣絕對需要保暖工具。不過保溫燈之前還滿常有刺友發生電線走火等意外...可以想見箱子裡的小東西有多驚恐!!!所以有些人是堅持用暖暖包+很厚的窩。 刺蝟的飼料挑選: 刺蝟是肉食性的，而且有乳糖不耐症。一般是使用貓飼料無穀雞肉口味搭配各種蟲蟲點心(杜比亞蟑，大麥蟲等等)。&nbsp;</li></ol><h4>刺蝟的習性:&nbsp;</h4><ol><li>夜行性。我覺得夜行性還滿符合我的生活作息的，就晚上睡覺前抱著她打電腦，跟她玩一下，然後聽著她跑滾輪的聲音入睡。&nbsp;</li><li>挫青屎。人家緊張就會挫青屎，很黏很深的綠。牠跟你第一次見面難免會這樣，不是生病不要太緊張。&nbsp;</li><li>舔背，吐泡泡。刺蝟很軟Q，要記味道的時候會把味道舔到背刺上，很萌。&nbsp;</li><li>鑽鑽，他們愛鑽洞。所以衛生紙捲的心可以給他們玩，品客罐洗乾淨也很好玩~阿排小時候還可以在品客罐裡轉身，現在漲大了要出來都只能倒退嚕了。&nbsp;</li><li>翻肚。看個性，我家的極力抗拒，不過我男友就特愛翻她。對了，刺蝟水上飄雖然很可愛，但別嘗試，耳朵很容易進水。&nbsp;</li></ol><p>其實還有很多有趣的可以講，不過先打這樣吧~大家有反映希望在更深入了解的話我再多說。 最後附上一張欺負她的照片XD 還滿多人問關於蟲的問題，所以我再補充一下: 蟲是野生刺蝟的主食，但對於寵物刺蝟我們無法提供多樣的蟲種，只餵蟲是會營養不良的。所以寵物刺蝟的主食還是飼料，蟲算點心與營養補充品，最營養的種類應該是杜比亞蟑。 還有，水族館購買回來的蟲病菌很多，餵之前先用水果餵養一週之後再餵給刺寶吃比較好。 網路上也有神人自行開發麥皮蟲農場，並自製蟲的果凍控制養出來的蟲的養分，有興趣可以google看看⊙ω⊙</p>','2015-03-20 00:00:00','2015-03-20 00:00:00',5,25,0,1,'https://i.imgur.com/ztunEGL.jpg');

insert into article (subject,content,post_Time,UPDATE_TIME,MEMBER_ID,CLICK,THUMBS_QUANTITY,CATEGORY_ID,images) values ('給養鳥新手的建議--基本養鳥常識','<ol><li>養之前一定要先做功課 知道鳥需要什麼，以及評估自己適不適合養鳥，適合養什麼鳥。 (雖然許多人都知道養寵物要做功課，卻忽略做功課的＂方法與途徑＂才是飼養心態、方式是否正確的關鍵。 網路上常見以訛傳訛、不正確飼育示範，甚至資訊根本錯誤的現象。 多問、多看、多聽、多學固然重要，但飼養者本身得能有過濾資訊的能力。 若能多花心思與時間；同時與醫師討論及多閱讀相關書籍，對於飼育才能真正算是做對一門功課。BY.Joyce Lu)&nbsp;</li><li>鳥不能只吃單一穀物 EX:蛋黃粟.瓜子 鳥在野外的飲食非常多元，長期攝取單一的飲食會導致鳥營養失調，甚至生病.死亡。 均衡的飲食非常重要，健康的鳥抵抗力好就更不容易生病，預防勝於治療。&nbsp;</li><li>不管再乖的鳥都會飛走 遇到危險就飛是鳥的天性，身為是飼主必須保護鳥的安全，不能因為平常鳥兒很黏人，就在毫無防範下帶他出門。 記住手養鳥是不能在野外生存的，飛走的下場不是冷死餓死就是死於意外，幸運一點的或許被人撿走，但是沒人知道下一個飼主是否對他好。 所以當鳥出籠時請關好門窗，如果家裡存有飛走的風險請剪羽。 (剪羽不會痛，也不是完全不會飛，只是飛不高) 3.鳥不能只養在站台上 很多人把中大型鳥鍊在鳥架上，那是很殘忍且不人道的行為，請籠子和站台交替使用。&nbsp;</li><li>鳥不能吃人類的食物 油.鹽.糖等人類的調味料會對鳥身體造成很大的負擔，另外鳥不能吃含有巧克力.咖啡因.的食物，乳製品.水果的籽和酪梨鳥也不能吃。</li><li>最好不要只用一個尺寸的棲木 鳥整天都站著，所以適合的棲木對鳥來說很重要，一直都同樣粗系可能造成腳的病變。&nbsp;</li><li>羽毛不是萬能冬天請保溫 有人會覺得鳥長滿羽毛不怕冷，這絕對是錯誤的。 鳥冷的時候羽毛會澎起來，可以依每隻鳥的情形決定要不要開保溫燈了。但是無論如何，冬天絕對不可以放著吹冷風。&nbsp;</li><li>鳥不乖是主人的問題 雖然鳥本身就有個性，但是主人的教養方式也影響很大，就像小孩不乖會覺得是父母沒教好，鳥不乖也要檢討是不是自己的養育方式出了問題。(可能太久沒陪他或是太寵他了) 另外咬人和大叫是鸚鵡的天性，養之前請接受這個事實。&nbsp;</li><li>鳥沒有說人話的義務 常看到有人一直問鳥什麼時候會說話，要鳥說話也必須要主人花心思去教才行，人類小孩也不是一出生就會說話，何況是鳥。 還有鳥不是人類，沒有說人話的義務，如果因為不說話而責怪鳥，請重新審是當初養鳥的理由，如果只是因為希望會說人話，建議還是買個錄音機比較快....&nbsp;</li><li>多花心思與時間觀察 鳥很會隱藏病情，如果有屁股黏大便等生病的症狀，都已經很嚴重了。 所以平實的觀察很重要，每天要注意鳥的狀況，大便是否有異狀，食量是否減少，提早發現趁早處哩，避免悲劇發生。&nbsp;</li><li>飼養空間不能太小及每天放風 再忙每天都還是要讓鳥出來走走，十分二十分也好，籠子也不能太小，至少要能讓鳥在籠內盡情拍翅膀，鸚鵡是高智商動物，最好在籠內放置玩具給鳥打發時間以免造成心理疾病。 活動空間不足或是長時間囚禁不放風可能導致鳥兒出現制式化行為。 ***** 以上是我養鳥多年的心得，有什麼意見或問題歡迎提出來討論</li></ol>','2017-08-07 00:00:00','2015-08-07 00:00:00',2,72,0,1,'https://i.imgur.com/DY8syeC.jpg');

insert into article (subject,content,post_Time,UPDATE_TIME,MEMBER_ID,CLICK,THUMBS_QUANTITY,CATEGORY_ID,images) values ('你們家的貓咪睡哪種床呢？','<p>最近養了雙喵才知道原來貓咪跟狗狗東西一樣好買， 狗狗可能花在衣服上面可以花上很多錢， 但我發現喵喵不但有抓版，跳台，還有各式各樣碗跟水盆， 還有床可以買，加上我發現我家喵喵竟然會乖乖在自己床睡覺時候， 而且用了三星期觀察，雙喵到時間就會各自回各自床睡覺， 不會亂睡在床底下或者平日休息地方， 甚至上來床上撒嬌之後還是會回到自己的床上去睡覺， 不會打擾任何人，就像那床是他房間一樣！我的慾望就一直上升，想幫他們升級更好的床， 今天在樂天上看到這個<a href=" http://ppt.cc/8py0"> http://ppt.cc/8py0</a><a href=""> </a><a href="http://ppt.cc/mEqr">http://ppt.cc/mEqr</a>&nbsp;</p><p>整個好適合雙喵唷！ 加上他是可以拆開來變成單人床！ 慾望整個大上升～～～～ 但是看到價格之後就默默關掉， 一萬多的床還是拿來給毛孩子吃飯比較實在！ 這是網友請人家木工訂製的&nbsp;</p><p><a href="http://ppt.cc/JdVe">http://ppt.cc/JdVe</a>&nbsp;</p><p>還有小桌子整個很豪華耶！ 但我想價格應該也不太便宜才是啦&gt;"&lt; 還有適合多喵的上下床</p><p>&nbsp;<a href="http://ppt.cc/KejK">http://ppt.cc/KejK</a>&nbsp;</p><p>看了真的是讓我哇哇叫，也太夢幻了！ 重點是喵咪會乖乖去睡耶～～～ 這個是看了有打算購入放在雙喵阿嬤家的&nbsp;</p><p><a href="http://ppt.cc/2TnO">http://ppt.cc/2TnO</a>&nbsp;</p><p>我們每星期都會回台北，但是雙喵都沒地方窩，所以有打算買這個 這個屋頂是可以拆開來的，底部是塑膠可以清洗的， 感覺很適合雙喵阿嬤潔癖個性，也可以很方便清洗， 加上他的屋頂可以掀開蓋起來，很適合愛偷窺的喵麻我:P 但是看來看去很多木床 最後應該是會買lkea的 好像版上也有版友推薦&nbsp;</p><p><a href="http://ppt.cc/UlQI">http://ppt.cc/UlQI</a>&nbsp;</p><p>這個加上被套組是799 比之前版友推薦貴了一百，不過感覺很有質感， 正打算回台北時候去看看看是不是要購入回來～ 目前我們家雙喵是睡在類似這種</p><p>&nbsp;<a href="http://goo.gl/qJNSl">http://goo.gl/qJNSl</a>&nbsp;</p><p>畢竟剛開始帶他們回家很擔心他們不睡所以剛開始購入最便宜的 各位版友喵咪都睡哪裡呢？ 還是喵咪都跟各位睡呢？</p>','2018-04-08 00:00:00','2018-04-08 00:00:00',4,22,0,6,'https://i.imgur.com/eeAipHv.jpg');


insert into comment (detail,update_Time,Article_Id,Member_Id) values ('nice!','2018-04-01 00:00:00',1,1);


insert into comment (detail,update_Time,Article_Id,Member_Id) values ('nice!','2018-04-01 00:00:00',1,1);
/*5 donate */
insert into donate (id, name, price, email)
values (1, 'Serena van der Woodsen', 30000, 'serena1203@gmail.com');

insert into donate (id, name, price, email)
values (2, 'Blair Waldorf', 10000, 'bw1104@gmail.com');

insert into donate (id, name, price, email)
values (3, 'Daniel Humphrey', 100, 'danielh0517@gmail.com');

insert into donate (id, name, price, email)
values (4, 'Nate Archibald', 20000, 'nathaniel0304@gmail.com');

insert into donate (id, name, price, email)
values (5, 'Chuck Bass', 10000, 'chuckbass1108@gmail.com');

insert into donate (id, name, price, email)
values (6, 'Jennifer Humphrey', 2000, 'jenny5438@gmail.com');

insert into donate (id, name, price, email)
values (7, 'Lilian Vander Woodsen', 50000, 'lilvw@gmail.com');

insert into donate (id, name, price, email)
values (8, 'Rufus Humphrey', 3000, 'rufusrock@gmail.com');

insert into donate (id, name, price, email)
values (9, 'Vanessa Abrams', 50, 'vanessa1220@gmail.com');

insert into donate (id, name, price, email)
values (10, 'Georgina Sparks', 5000, 'georgina1027@gmail.com');



insert into RESERVATIONTIME (front_Time,back_Time)values
('09:00:00','10:00:00'),
('10:00:00','11:00:00'),
('11:00:00','12:00:00'),
('13:30:00','14:30:00'),
('14:30:00','15:30:00'),
('15:30:00','16:30:00');

/*6 reservation*/
insert into reservation (reservation_Date,FRONT_TIME,content,designer,total_Time,price,payment,member_id)values
('2000-10-12','10:00:00','洗澡','阿明',1,300,'paid',2),
('2000-10-12','11:00:00','洗澡','阿喵',1,200,'paid',2),
('2000-10-13','12:00:00','洗澡','阿明',1,250,'paid',3),
('2000-10-14','13:00:00','剪髮','彌明',1,200,'paid',4),
('2000-10-15','14:00:00','剪髮','阿中',1,300,'paid',2),
('2000-10-16','15:00:00','造型','小明',1,100,'paid',4),
('2000-10-17','16:00:00','造型','阿中',1,150,'paid',3),
('2000-10-18','17:00:00','造型','阿中',1,100,'paid',2);
--insert into reservation (reservation_Date,FRONT_TIME,content,designer,total_Time,price,payment)values
--('2000-10-12','10:00:00','洗澡','阿明',1,300,'Unpaid'),
--('2000-10-12','11:00:00','洗澡','阿喵',1,200,'Unpaid'),
--('2000-10-13','12:00:00','洗澡','阿明',1,250,'Unpaid'),
--('2000-10-14','13:00:00','剪髮','彌明',1,200,'Unpaid'),
--('2000-10-15','14:00:00','剪髮','阿中',1,300,'Unpaid'),
--('2000-10-16','15:00:00','造型','小明',1,100,'Unpaid'),
--('2000-10-17','16:00:00','造型','阿中',1,150,'Unpaid'),
--('2018-05-20','14:30:00','造型','飛影',1,150,'Unpaid'),
--('2000-10-18','17:00:00','造型','阿中',1,100,'Unpaid');











/*UPDATE hotel SET  owner='lunlun', type='small', checkIn='1991-10-03', total=4,species='poodel2',dog_Name='hichu' WHERE Id = 1*/

/*7 news*/

INSERT INTO news (subject, event_Date, address, content, event_Time, publish_Date, publish_Expire, create_User, create_Time, ticket_Price, ticket_Quantity) 
values ('台北寵物用品博覽會', '2018/8/31', '台北世貿三館(110台北市信義區松壽路6號)', '匯集全台各大寵物用品廠商，提供最新寵物用品、飼料零食、保健營養品、服飾配件、美容清潔、住宿醫療等週邊服務。本展歡迎所有寵物愛好者攜帶寵物一同入場參觀！除了提供年度最優惠的商品促銷外，更規畫一系列與愛寵同歡的趣味活動，讓飼主與寵物能玩得開心、滿載而歸。除了讓各類參展商展示產品外，也是與業界合作交流、開發商機的管道。歡迎寵物相關業者預約洽談、換證入場。', '2018-09-03 08:00:00', '2018-01-01', '2018-09-03', 'Admin', '2018-01-01 08:00:00', '200', '300' );
INSERT INTO news (subject, event_Date, address, content, event_Time, publish_Date, publish_Expire, create_User, create_Time, ticket_Price, ticket_Quantity) 
values ('《狗狗的餐桌日常》新書分享會', '2018/9/3', '台北市士林區忠誠路二段55號4樓​ (紀伊國屋書店 台北天母店 (大葉高島屋4F)​)', '你也想親手幫狗狗做出美味的鮮食料理嗎？跑市場寵物店、Paw Kitchen寵物鮮食的負責人-- 陳彥姍，將投注於寵物鮮食料理上的熱情與經驗，集結成《狗狗的餐桌日常》與大家分享，讓主人可以從每天的飲食輕鬆把關狗的健康與營養，想為心愛的毛小孩準備健康食物，那就千萬不要錯過分享會啦！ ', '2018-09-03 08:00:00', '2018-01-01', '2018-09-03', 'Admin', '2018-01-01 08:00:00', '0', '200' ); 
INSERT INTO news (subject, event_Date, address, content, event_Time, publish_Date, publish_Expire, create_User, create_Time, ticket_Price, ticket_Quantity) 
values ('「集盒」2018城市貓貓 插畫展', '2018/1/28', '高雄市前鎮區復興三路五號 (IKEA對面)', '"貓奴們「集盒」! 城市貓貓插畫展 《2018城市貓貓 插畫展》1月28日起在高雄「集盒•Kubic」開展，靈動的貓貓插畫系列，每每展出皆獲得觀者共鳴！ 創作者李允榕將「心情日常」轉為創作靈感，透過插畫抒發心情與記錄城市生活。她將貓擬人化為都市人，現場展出的七十幅貓貓作品細膩靈動，反應出人生體悟，加上些許天馬行空的想像，令觀者會心一笑。創作者並以紙板搭建一座「貓樂園」象徵城市空間，並融入亞洲新灣區意象，讓貓咪成為一隻隻漫遊於高雄的城市觀察者，從貓的角度觀察一座城市的轉變，以插畫探索環境、城市及空間的關係。 展期從1月28日起至3月25日，免費參觀，歡迎貓迷們一起來探索。"', '2018-09-03 08:00:00', '2018-01-01', '2018-09-03', 'Admin', '2018-01-01 08:00:00', '200', '600' );
INSERT INTO news (subject, event_Date, address, content, event_Time, publish_Date, publish_Expire, create_User, create_Time, ticket_Price, ticket_Quantity) 
values ('高齡犬居家照護講座', '2018/11/19','台北市大同區迪化街一段14巷2號 (元氣樂活坊 / 捷運北門站3號出口，沿塔城街步行5~6分鐘)', '當您的狗兒年紀超過7歲，便已經踏入我們所稱的高齡犬階段。 或許您可能會覺得他們變得與年輕時期不同的個性又與我們生活緊密相連，但其實他們的活動力、生理機能、飲食內容、遊戲方式、醫療追蹤、生活互動等在不同年齡階段的需求各不相同，我們如何可以從細小的地方觀察狗兒的變化及增加心智刺激來調整照護他們高齡生活的方式呢 原本他尿尿都在固定的地點，但怎麼突然開始亂上廁所? 為什麼突然不想讓我摸他? 分離焦慮症變得愈來愈嚴重....... 這些高齡犬可能會遇到的行為問題， 我們應該了解如何去平衡之前可以而現在卻不行的狀況，並同時幫助狗兒老年生活開心。 講座中Molly老師將與毛爸媽們分享該如何調整心情來面對狗兒老化的種種憂心狀況，以及除了陪伴之外平時該如何照護高齡犬? 運用居家照護按摩及運動遊戲來豐富高齡犬的生活!', '2018-09-03 08:00:00', '2018-01-01', '2018-09-03', 'Admin', '2018-01-01 08:00:00', '100', '300' );
INSERT INTO news (subject, event_Date, address, content, event_Time, publish_Date, publish_Expire, create_User, create_Time, ticket_Price, ticket_Quantity) 
values ('高雄寵物用品博覽會', '2018/6/1', '高雄國際會議中心(803高雄市鹽埕區中正四路274號)', '匯集全台各大寵物用品廠商，提供最新寵物用品、飼料零食、保健營養品、服飾配件、美容清潔、住宿醫療等週邊服務。本展歡迎所有寵物愛好者攜帶寵物一同入場參觀！除了提供年度最優惠的商品促銷外，更規畫一系列與愛寵同歡的趣味活動，讓飼主與寵物能玩得開心、滿載而歸。除了讓各類參展商展示產品外，也是與業界合作交流、開發商機的管道。歡迎寵物相關業者預約洽談、換證入場。', '2018-09-03 08:00:00', '2018-01-01', '2018-09-03', 'Admin', '2018-01-01 08:00:00', '160', '400' );
INSERT INTO news (subject, event_Date, address, content, event_Time, publish_Date, publish_Expire, create_User, create_Time, ticket_Price, ticket_Quantity) 
values ('2018 展昭台北寵物用品展', '2018/7/6', '台北南港展覽館(11568台北市南港區經貿二路1號)', '全台最大寵物展策展團隊！超過20年寵物展主辦經驗，擁有專屬設計、資訊之整合行銷團隊。一次掌握北中南市場趨勢！首創北中南巡迴展出，整合全台資源，為您規劃年度行銷策略，直指台灣寵物產業核心。20萬毛家長口碑推薦！業界最具口碑之寵物用品展，全台唯一指標性寵物展。邀您一起，與超過500個國內外指標品牌比肩作戰，共享百億「毛」商機！', '2018-09-03 08:00:00', '2018-01-01', '2018-09-03', 'Admin', '2018-01-01 08:00:00', '200', '300' );
INSERT INTO news (subject, event_Date, address, content, event_Time, publish_Date, publish_Expire, create_User, create_Time, ticket_Price, ticket_Quantity) 
values ('高雄巨蛋寵物用品展', '2018/7/20', '高雄巨蛋（高雄市左營區博愛二路757號）', '7月20日（五）至 7月23日（一）即將在【高雄巨蛋】盛大登場！優質寵物商品超值大促銷，飼料、玩具、保健用品、服飾、美容、清潔用品一應俱全！廠商新品全都幫毛小孩準備好囉，廠商銅板商品更挑戰市場最低價，好康優惠絕對讓你搶不完！還有好玩的寵物嘉年華，專屬寵物寶貝的大操場，讓毛小孩有得逛、有得吃、更有得玩，快揪親朋好友一起來嗨翻高雄寵物展吧！', '2018-09-03 08:00:00', '2018-01-01', '2018-09-03', 'Admin', '2018-01-01 08:00:00', '120', '600' );
INSERT INTO news (subject, event_Date, address, content, event_Time, publish_Date, publish_Expire, create_User, create_Time, ticket_Price, ticket_Quantity) 
values ('台中寵物用品展', '2018/5/18', '大台中國際會展中心（台中市烏日區高鐵五路161號）', '匯集全台各大寵物用品廠商，提供最新寵物用品、飼料零食、保健營養品、服飾配件、美容清潔、住宿醫療等週邊服務。本展歡迎所有寵物愛好者攜帶寵物一同入場參觀！除了提供年度最優惠的商品促銷外，更規畫一系列與愛寵同歡的趣味活動，讓飼主與寵物能玩得開心、滿載而歸。除了讓各類參展商展示產品外，也是與業界合作交流、開發商機的管道。歡迎寵物相關業者預約洽談、換證入場。', '2018-09-03 08:00:00', '2018-01-01', '2018-09-03', 'Admin', '2018-01-01 08:00:00', '100', '700' );
INSERT INTO news (subject, event_Date, address, content, event_Time, publish_Date, publish_Expire, create_User, create_Time, ticket_Price, ticket_Quantity) 
values ('寵物家族大集合', '2018/7/7', '台北南港展覽館(11568台北市南港區經貿二路1號)', '寵物家族特別活動：2018台北寵物用品展，特別針對寵物家族舉辦好康展場活動！凡寵物家族至寵物展現場舉辦家聚，即有機會獲得貓狗漢方養生禮盒20盒！快跟著寵小汪與寵小喵瞧瞧活動內容吧！', '2018-09-03 08:00:00', '2018-01-01', '2018-09-03', 'Admin', '2018-01-01 08:00:00', '200', '1500' );
INSERT INTO news (subject, event_Date, address, content, event_Time, publish_Date, publish_Expire, create_User, create_Time, ticket_Price, ticket_Quantity) 
values ('夏季寵物盛會', '2018/7/8', '台北南港展覽館(11568台北市南港區經貿二路1號)', '炎炎夏日，快帶家中寶貝來展場吹冷氣囉！不僅省電費還能搶超值優惠寵物商品，還有最萌寵物家族日、專屬毛寶貝的障礙趣味競賽，夏季唯一寵物嘉年華盛會', '2018-09-03 08:00:00', '2018-01-01', '2018-09-03', 'Admin', '2018-01-01 08:00:00', '200', '1500' );
 
 
/*8 product*/
insert into classify (name) values('寵物伺料');
insert into classify (name) values('寵物用品');
insert into classify (name) values('寵物玩具');
insert into classify (name) values('其它');

insert into product (NAME, PRICE, STOCK, MAKE_DATE, EXPIRE, SHELVES_DATE, DESCRIPTION, NOTICE, classify_id, member_id, images)
values ('柏萊富功能性全齡護膚亮毛配方(羊肉+糙米) 5 磅', 714, 26, '2018-3-15', 365, '2018-5-8', '成分：濃縮羊肉、糙米、小米、研磨高粱穀粒、濃縮鯰魚肉、去殼燕麥、芥花油、馬鈴薯蛋白、番茄渣、天然風味劑、乾燥甜菜漿、胡蘿蔔、芹菜、甜菜、荷蘭芹、萵苣、水田芥、菠菜、雞脂肪(與維生素E混合)、卵磷脂 、雞軟骨、蘋果 、南瓜粉、迷迭香粉、研磨百里香、研磨小茴香、芥菜籽粉、碎紅辣椒、蔓越莓、海帶粉、嗜乳酸桿菌、乳酸菌、絲蘭萃取、果寡糖、牛磺酸、葡萄糖胺、有機乾海藻、各種必需維生素及礦物質。營養分析：蛋白質24.5%以上、脂肪14.0%以上、纖維3.5%以下、水份10.0%以下、Ω6脂肪酸2.45%以上、Ω3脂肪酸1.0%以上、葡萄糖胺440ppm以上、軟骨素70ppm以上、益生菌31m CFU/lb、卡路里3、720 kcal/kg', '●優質天然羊肉，有效預防食物過敏●精選食材，有效保護弱敏肌膚及敏感腸胃●高含量亞麻油酸，有效護膚亮毛●豐富蔬果精華，提升抗氧化強化免疫力●益生菌與果寡糖，有效保健腸道●葡萄糖胺及軟骨素，維護關節健康', 1, 2, 'https://i.imgur.com/2cSsNXJ.jpg');
insert into product (NAME, PRICE, STOCK, MAKE_DATE, EXPIRE, SHELVES_DATE, DESCRIPTION, NOTICE, classify_id, member_id, images)
values ('柏萊富特調成犬活力配方(雞肉+糙米) 5 磅 (狗飼料)', 646, 28, '2018-3-15',280, '2018-3-5', '濃縮雞肉、糙米、小米、去殼燕麥、雞脂肪(與維生素E混合)、研磨高粱穀粒、乾燥甜菜漿、濃縮鯡魚肉、米糠、胡蘿蔔、芹菜、甜菜、荷蘭芹、萵苣、水田芥、菠菜、蛋製品、乾燥啤酒酵母、天然風味劑、全粒亞麻籽、雞軟骨、鹽、鯡魚油、DL蛋胺酸、卵磷脂、氯化鉀、L離胺酸、迷迭香粉、研磨百里香、研磨小茴香、芥菜籽粉、碎紅辣椒、蔓越莓、蘋果、南瓜粉、乳酸菌、嗜乳酸桿菌、絲蘭萃取、果寡糖、牛磺酸、葡萄糖胺、有機乾燥海藻、、各種必需維生素及礦物質。營養分析：蛋白質24.5%以上、脂肪14.0%以上、纖維3.0%以下、水份10.0%以下、Ω6脂肪酸2.8%以上、Ω3脂肪酸0.55%以上、葡萄糖胺435ppm以上、軟骨素70ppm以上、益生菌31m CFU/lb、卡路里3、751 kcal/kgNatural Balance 自然平衡低敏無穀地瓜鮭魚 (小顆粒小型犬) 4.5 磅 (狗飼料)有些愛犬也許會對一般常用的蛋白，碳水化合物及食品添加劑極度敏感.過敏反應可能導致腸激躁，胃部不適，及一些皮膚問題. Natural Balance已經為這些因食物過敏的愛犬設計了特殊低敏無穀地瓜規于全犬配方.我們的地瓜鮭魚配方含有新鮮鮭魚，這是大部分狗糧少用的獨特動物性蛋白來源;新鮮地瓜，這也是一般狗糧中不常用的獨特碳水化合物來源;以及有效的天然原料，可幫助愛犬重建免疫系統.此配方沒有忽略任何細節！諸如原料，原料的來源，營養價值，口感，以及對糞便及毛髮的影響。', '●高優質全天然雞肉蛋白質，最容易消化吸收●不含玉米、小麥、黃豆成份，低便量低便臭●高含量亞麻油酸，有效護膚亮毛●豐富蔬果精華，提升抗氧化強化免疫力●益生菌與果寡糖，有效保健腸道●葡萄糖胺及軟骨素，有效維護關節健康。', 1, 3, 'https://i.imgur.com/CPxzWvW.jpg');
insert into product (NAME, PRICE, STOCK, MAKE_DATE, EXPIRE, SHELVES_DATE, DESCRIPTION, NOTICE, classify_id, member_id, images)
values ('Natural Balance特殊低敏無穀地瓜鮭魚全犬配方', 880, 55, '2018-3-15',365, '2018-3-3', '地瓜 、 鮭魚 、 鮭魚粉 、 芥花油 、 馬鈴薯纖維 、 天然香料 、 氯化鈉 、 鮭魚油 (DHA 來源 )、 亞麻籽 、 氯化鉀 、 蛋氨酸 、 氯化膽鹼 、 天然混合維生素 E、 牛磺酸 、 維生素 E 補充 、 鐵蛋白 、 鋅蛋白 、 銅蛋白 、 硫酸亞鐵 、 硫酸鋅 、 硫酸銅 、 碘化鉀 、 維生素 B1、 銅蛋白 、 氧化錳 、 維生素 C、 維生素 A 補充 、 維生素 H、 維生素 B3、 維生素 B5、 硫酸錳 、 亞硒酸鈉 、 維生素 B6、 維生素 B12 補充 、 維生素 B2、 維生素 D3 補充 、 維生素 B9 。天然蛋白質/最低含量 21.0 ％天然脂肪/最低含量 10.0 ％天然纖維/最高含量 4.5 ％水分/最高含量 10.0 ％鈣/最低含量 1.0 ％磷/最低含量 0.8 ％ Omega 3脂肪酸/最低含量 0.75 ％Omega 6脂肪酸/最低含量 1.4 ％ DHA不飽和脂肪酸/最低含量 0.01％卡路里 特殊低敏無穀地瓜鮭魚全犬配方-大顆粒 每杯(8oz)內含325大卡 特殊低敏無穀地瓜鮭魚全犬配方-小顆粒 每杯(8oz)內含335大卡※一杯約飼料重114公克', '●新鮮鮭魚：一般狗糧不常用的獨特優質蛋白質來源●新鮮地瓜：獨特優質碳水化合物，含有豐富的鉀及易消化的能量來源●芥花油：含有少量飽和脂肪酸及大量的不飽和脂肪酸， 優質的Omega 3 及 Omega 6 脂肪酸.●鮭魚油：含豐富的Omega 3， 是DHA的天然來源●亞麻籽：極佳的Omega 3 脂肪酸來源●絕不添加任何人工防腐劑，香料，色素，漂白原料，乳製品或葵瓜子油；顏色差異是正常現象。', 1, 5, 'https://i.imgur.com/VFy8b1a.jpg');
insert into product (NAME, PRICE, STOCK, MAKE_DATE, EXPIRE, SHELVES_DATE, DESCRIPTION, NOTICE, classify_id, member_id, images)
values ('Farmina 法米納 ND 挑嘴幼母貓天然無穀糧-雞肉石榴', 340, 55, '2018-3-15',365, '2018-3-3', '●無穀系列 含 70%高品質肉、30%水果蔬菜，保健食品添加並不含任何穀物，不使用任何下雜肉主要原料、添加物 (每公斤含量)：新鮮去骨雞肉 (30%)、脫水雞肉 (28%)、馬鈴薯、雞脂肪、脫水全蛋、新鮮鯡魚、脫水鯡魚、魚油、水解動物蛋白、豌豆纖維、胡蘿蔔、苜蓿、菊糖、果寡醣、甘露寡醣、石榴 (0.5%)、脫水蘋果、菠菜、洋車前子 (0.3%)、黑醋栗、脫水甜橙、藍莓、氯化鈉、啤酒酵母、薑黃根 (0.2%)、葡萄糖胺、硫酸軟骨素、金盞花萃取物 (葉黃素的來源)、維生素 A、維生素 D3、維生素 E (天然抗氧化劑)、維生素 C、菸鹼酸、泛酸、維生素 B2、維生素 B6、維生素 B1、生物素、葉酸、維生素 B12、氯化膽鹼、β-胡蘿蔔素、胺基酸螯合鋅、胺基酸螯合錳、胺基酸螯合亞鐵、胺基酸螯合銅、硒代甲硫胺酸、DL-甲硫胺酸、牛磺酸、左旋肉鹼、蘆薈萃取物、綠茶萃取物、迷迭香萃取物。營養成份：粗蛋白質 44%、粗脂肪 20%、粗纖維 1.8%、粗灰分 8.5%、水分 8%、鈣 1.5%、磷 1.3%、鎂 0.09%、Omega6 3.3%、Omega3 0.9%、DHA 0.5%、EPA 0.3%、牛磺酸 0.4%、葡萄糖胺 1200mg/kg、軟骨素 900mg/kg、代謝能 3930kcal/kg。適用寵物種類：本品為12月齡以下之幼貓飼料；或可作為懷孕、哺乳母貓之營養補充飼料。產地：義大利。', '法米納不使用基改食材，食材由產地直送安全無顧慮新鮮肉塊無肉粉，品質好又健康即時生產、新鮮美味真空鍍膜機，營養完整包覆不流失使用雙螺桿擠出機，提高 25% 消化率，營養更好吸收', 1, 2, 'https://i.imgur.com/OCwi2XK.jpg');
insert into product (NAME, PRICE, STOCK, MAKE_DATE, EXPIRE, SHELVES_DATE, DESCRIPTION, NOTICE, classify_id, member_id, images)
values ('紐頓 T24 無穀貓 鮭魚 1 公斤 (貓飼料)', 702, 36, '2018-3-15',365, '2018-2-10', '成份：去骨鱒魚、鮭魚粉、鯡魚粉、豌豆、扁豆、鷹嘴豆、菜籽油、去骨鮭魚、鮭魚油、天然素食香料調味、胡蘿蔔、蘋果、冬南瓜、奎奴亞藜種子、氯化膽鹼、蔓越橘、藍莓、黑莓、羽衣甘藍、菊苣根 (益生元) 、維生素和礦物質、牛磺酸、絲蘭、菠菜、芹菜種子、薄荷、洋甘菊、薑黃、生薑、乾迷迭香。成份分析：粗蛋白 (最低含量) 36.0%、粗脂肪 (最低含量) 17.0%、粗纖維 (最低含量) 5.5%、水分 (最低含量) 10.0%、粗灰分 (最高含量) 6.5%、鈣 (最低含量) 0.90%、磷 (最低含量) 0.70%、Omega-3 (最低含量) 1.30%、Omega-6 (最低含量) 2.80%。', 'T24 Nutram鱒魚&鮭魚全能無穀天然貓糧是一個採用草本概念，多元而富含營養配方的食譜，從裡到外改善你寵物的健康。 我們的總體方針始於天然健康的草本成分，這是可斷言的，如添加低血糖的青豆，扁豆和鷹嘴豆作為健康的碳水化合物和優質蛋白質的來源。這一點，再添加薑黃，薑黃素的來源，以及鮭魚油，含有豐富的Omega-3脂肪酸，提供免疫力提高性能，以幫助支持一個強大的免疫系統。 Nutram的最佳草本組合更進一步，提供蔓越莓，自然酸化劑，以及芹菜種子，幫助維持健康的液面高度，適當的pH值和溫和的灰分含量攜手合作，以支持一個健康的膀胱。你可以相信你的寵物所食用的食物對身體是有助益的，健康的並且是寵物健全生活方式所不可或缺的一部分。', 1, 3, 'https://i.imgur.com/hcBDsLD.jpg');

insert into product (NAME, PRICE, STOCK, MAKE_DATE, EXPIRE, SHELVES_DATE, DESCRIPTION, NOTICE, classify_id, member_id, images)
values ('活力滋 成犬 雞肉體態強化配方 4 磅 (狗飼料)', 702, 62, '2018-3-15',100, '2018-2-15', '成分：雞肉粉、糙米、白米、燕麥粉、雞脂肪（添加綜合維生素E保存）、燕麥、豬肉粉、乾燥的甜菜根糖漿、亞麻籽、南瓜、蔓越莓、蘋果、乾燥啤酒酵母、鮭魚油、木瓜、藍莓、石榴、菊糖、乾海藻、維生素(A、B1、B2、B3、B5、B6、B7、B12、C、D3、E)、葡萄糖胺、葉酸、肉桂粉、茴香粉、薄荷粉、絲蘭萃取物、迷迭香萃取物、綠茶萃取物、綠薄荷萃取物。保證分析：蛋白質 25％以上、脂肪 15％以上、纖維 4％以下、水分 10％以下、鈣 1.3％以上、磷 0.9％以上、維生素A 22、000 IU / kg以上、維生素E 165 IU / kg以上、Omega-6 3.5％以上、Omega-3 0.7％以上、萄糖胺 340 mg / kg以上、總乳酸菌 100、000、000 CFU / 磅以上、總芽孢桿菌 7、000、000 CFU / 磅以上。', '●嚴選蛋白質：採用極易消化雞肉蛋白質，均衡維持體態●南瓜及木瓜富含天然纖維，維護健康的消化道系統●藍莓及石榴天然的抗氧化劑，並可維持細胞的健康', 1, 2, 'https://i.imgur.com/FEiDgqe.jpg');
insert into product (NAME, PRICE, STOCK, MAKE_DATE, EXPIRE, SHELVES_DATE, DESCRIPTION, NOTICE, classify_id, member_id, images)
values ('法國皇家 E42 挑嘴貓營養滿分配方 2 公斤 (貓飼料)', 676, 67, '2018-3-15',90, '2018-3-22', '脫水禽肉、玉米、分離大豆蛋白、玉米麩質、小麥、動物脂肪、植物纖維、水解動物蛋白、甜菜漿、礦物質、大豆油、琉璃苣油。添加營養素(每公斤)：維生素A：25000IU、維生素D3：1000IU、E1(鐵)：36毫克、E2(碘)：2.8毫克、E4(銅)：4毫克、E5(錳)：47毫克、E6(鋅)：156毫克、E8(硒)：0.06毫克。– 添加抗氧化物。營養分析：42%、脂肪：15%、灰分：8.5%、粗纖維3.4%、碳水化合物：25.6%。產地：法國', '營養滿分：蛋白質、碳水化合物和脂肪的完美比例，能滿足貓咪體內的需求。維持理想體重：加強營養滿分的同時提供適當的熱量，以維持理想體重。使毛髮有柔亮有光澤：結合生物素、琉璃苣油等活性複合物增加皮膚和毛髮的養分，使毛髮有柔亮有光澤。',1, 2, 'https://i.imgur.com/I3KhPDj.jpg');
insert into product (NAME, PRICE, STOCK, MAKE_DATE, EXPIRE, SHELVES_DATE, DESCRIPTION, NOTICE, classify_id, member_id, images)
values ('柏萊富 室內貓全齡優活配方(雞肉+糙米) 13.23 磅', 1785, 53, '2018-3-15',180, '2018-4-2', '濃縮雞肉、糙米、小米、研磨高粱穀粒、去殼燕麥、珍珠麥、胡蘿蔔、芹菜、甜菜、荷蘭芹、萵苣、水田芥、菠菜、乾燥甜菜漿、米糠、天然風味劑、雞脂肪(與維生素E混合)、乾燥啤酒酵母、蛋製品、濃縮鯡魚肉、雞軟骨、全粒亞麻籽、卵磷脂、鹽、DL蛋胺酸、鯡魚油、氯化鉀、L離胺酸、迷迭香粉、研磨百里香、研磨小茴香、芥菜籽粉、碎紅辣椒、蔓越莓、蘋果、南瓜粉、乳酸菌、嗜乳酸桿菌、絲蘭萃取、果寡糖、牛磺酸、葡萄糖胺、有機乾燥海藻、各種必需維生素及礦物質。營養分析：蛋白質20.5%以上、脂肪6.5%~9.0%以上、纖維4.0%以下、水份10.0%以下、Ω6脂肪酸1.4%以上、 Ω3脂肪酸0.4%以上、葡萄糖胺440ppm以上、軟骨素90ppm以上、益生菌31m CFU/lb、卡路里3、335 kcal/kg', '全齡階段貓咪●高優質全天然雞肉蛋白質，最容易消化吸收●適當的脂肪含量，幫助貓咪擁有健康的體態●不含玉米、小麥、黃豆成份，低便量低便臭●高含量亞麻油酸，有效護膚亮毛●豐富蔬果精華，提升抗氧化強化免疫力●濃縮蔓越莓精華，維護泌尿道的健康',1, 2, 'https://i.imgur.com/k1VVe1J.jpg');
insert into product (NAME, PRICE, STOCK, MAKE_DATE, EXPIRE, SHELVES_DATE, DESCRIPTION, NOTICE, classify_id, member_id, images)
values ('活力滋 無穀成犬 雞肉體重管理配方 4 磅 (狗飼料)', 882, 92, '2018-3-15',150, '2018-2-14', '成分：雞肉粉、馬鈴薯、豌豆、扁豆、乾燥的甜菜根糖漿、豌豆纖維、雞脂肪（添加綜合維生素E保存）、亞麻籽、脫水苜蓿粉、南瓜、蔓越莓、蘋果、乾燥啤酒酵母、木瓜、藍莓、石榴、菊糖、左旋肉鹼、乾海藻、維生素(A、B1、B2、B3、B5、B6、B7、B12、C、D3、E)、葡萄糖胺、葉酸、肉桂粉、茴香粉、薄荷粉、絲蘭萃取物、迷迭香萃取物、綠茶萃取物、綠薄荷萃取物。保證分析：蛋白質 26％以上、脂肪 8％以上、纖維 8.5％以下、水分 10％以下、鈣 0.8％以上、磷 0.6％以上、維生素A 22、000 IU / kg以上、維生素E 165 IU / kg以上、Omega-6 2.25％以上、Omega-3 0.75％以上、葡萄糖胺 325 mg / kg以上、硫酸軟骨素 250 mg / kg以上、左旋肉鹼 150 mg / kg以上、總乳酸菌 100、000、000 CFU / 磅以上、總芽孢桿菌 7、000、000 CFU / 磅以上。', '無穀再升級連續十五年以上獲得美國WDJ協會推薦', 1, 2, 'https://i.imgur.com/VbMUXr0.jpg');
insert into product (NAME, PRICE, STOCK, MAKE_DATE, EXPIRE, SHELVES_DATE, DESCRIPTION, NOTICE, classify_id, member_id, images)
values ('紐頓 T28 無穀迷你犬 鮭魚 2.72 公斤 (狗飼料)', 1170, 83, '2018-3-15',360, '2018-2-25', '成份：去骨鱒魚、鮭魚粉、豌豆、鯡魚粉、鷹嘴豆、扁豆、菜籽油、去骨鮭魚、天然素食香料調味、鮭魚油、蘋果、胡蘿蔔、氯化膽鹼、冬南瓜、奎奴亞藜種子、曼越橘、藍莓、黑莓、羽衣甘藍、海帶、菊苣根 (益生元) 、絲蘭、綠唇貽貝、菠菜、芹菜種子、薄荷、洋甘菊、薑黃、生薑、乾迷迭香。營養分析：粗蛋白 (最低含量) 36.0%、粗脂肪 (最低含量) 17.0%、粗纖維 (最高含量) 5.0%、水分 (最高含量) 10.0%、粗灰分 (最高含量) 6.50%、鈣 (最低含量) 1.0%、磷 (最低含量) 0.80%、Omega-3 (最低含量) 1.90%、Omega-6 (最低含量) 2.9%。', '嗜口性極佳強化免疫力促進良好消化美國低升糖認證只選用新鮮肉品為主要動物性蛋白質來源堅持不使用廉價的馬鈴薯或馬鈴薯粉等高升糖成份加拿大當地新鮮食材製作全犬種適用減少便量、便臭對於現今社會上經驗豐富的飼主們，對於飼料的需求不在只是簡單的選擇全天然成分而已而是要求更多，因此Nutram提供 21種最佳草本組合，多元而富含營養配方的食譜由內而外的全面性改善寵物的健康。最佳組合確保寵物獲得每種成分的最大營養元素，再加上他們的組合優勢，確保寵物獲得每種組合相乘的最大健康益處。有食材都是自然保存純天然無任何激素食譜成分製成。完全不添加任何的玉米，小麥和大豆。特別添加薑黃及生薑、增強免疫力、提昇代謝率、及預防腫瘤發生機率。', 1, 2, 'https://i.imgur.com/SuuC0kV.jpg');

insert into product (NAME, PRICE, STOCK, MAKE_DATE, EXPIRE, SHELVES_DATE, DESCRIPTION, NOTICE, classify_id, member_id, images)
values ('毛孩精選 HOOPET 呆呆鳥發聲玩具 - 黑', 168, 100, '2018-3-15', 365, '2018-4-8', '規格：35 cm 材質：玉米絨', '搞怪溫柔發聲不擾民！陪玩又陪睡的玩具～易發聲持續吸引狗狗注意力', 3, 2, 'https://i.imgur.com/lSQYOzk.jpg');
insert into product (NAME, PRICE, STOCK, MAKE_DATE, EXPIRE, SHELVES_DATE, DESCRIPTION, NOTICE, classify_id, member_id, images)
values ('毛孩精選【解渴神器】水壺+水碗2合1', 299, 88, '2018-3-15',180, '2018-3-5', '材質：食品級 ABS、食品級透明PC、醫用級密封圈 尺寸：杯身高度 208 mm 杯身直徑 75 mm 容量：350 ml', '寬水槽 - 適合各種狗狗食品級安全材質防水防漏 - 攜帶更安心防摔耐用 - 戶外更放心', 2, 3, 'https://i.imgur.com/k6cinAF.jpg');
insert into product (NAME, PRICE, STOCK, MAKE_DATE, EXPIRE, SHELVES_DATE, DESCRIPTION, NOTICE, classify_id, member_id, images)
values ('BONBONPET 髒臭腳腳的剋星 ! 草本抗菌清潔慕斯', 350, 76, '2018-3-15',365, '2018-3-3', '成分：純水、椰子油系界面活性劑、檸檬酸、抑菌劑、冷壓初榨橘子油、何首烏萃取液、益母草萃取液、生薑萃取液、人生萃取液、仙人掌萃取液、維他命 E、乳化劑、保濕劑 規格：150 ml 產地：台灣', '◎ 首創愛心造型矽膠慕斯刷頭，單手按壓就可直接刷洗清潔，超方便！◎ 草本營養精華成分，刷洗後不用沖水！直接拿乾毛巾擦拭即可◎ 瞬間除臭效果超好！針對趾縫或寵物局部清潔，抗菌、潤毛及保護皮膚◎ 看得見的髒污，看不見的細菌，只要輕輕刷，通通清潔溜溜◎ 不刺激、不流淚、不過敏、不含螢光劑，如果舔到也ok！', 2, 2, 'https://i.imgur.com/PEENJHF.jpg');
insert into product (NAME, PRICE, STOCK, MAKE_DATE, EXPIRE, SHELVES_DATE, DESCRIPTION, NOTICE, classify_id, member_id, images)
values ('Mr. bear 寵寵熊半封閉開放式單層貓砂盆貓便盆', 590, 75, '2018-3-15',150, '2018-3-9', '產品尺寸：56cmX40cmX25cm', '25cm 超高防護蓋—兩片式雙層設計，更高防護，防貓咪帶出貓砂。可分離式設計—採用可拆卸雙層設計，清潔及搬運貓砂盆更為方便。弧形防污保護—弧形側邊及防落砂踏板可以防止貓咪帶出貓砂。大尺寸空間—寬鬆的空間尺寸讓各種體型的貓咪都可以活動自如。主動落砂踏板及大號貓砂鏟—讓貓咪舒適如廁。', 2, 2, 'https://i.imgur.com/0Eetpzu.jpg');
insert into product (NAME, PRICE, STOCK, MAKE_DATE, EXPIRE, SHELVES_DATE, DESCRIPTION, NOTICE, classify_id, member_id, images)
values ('IRIS 犬貓外出多功能兩用硬殼提籃(白色)', 1180, 36, '2018-3-15',365, '2018-2-10', '尺寸：48(W) x 32.1(D) x 30(H)cm', '◆透明頂部及側部可隨時觀察寵物舉動 ◆可讓寵物欣賞外面的風景 ◆設有卡扣可繫上汽車安全帶 ◆固定寵物位置確保行車安全 ◆頂部側部都設有門方便寵物進出 ◆平時在家可用作寵物屋，給寵物安全感', 2, 2, 'https://i.imgur.com/BWiRaj7.jpg');

insert into product (NAME, PRICE, STOCK, MAKE_DATE, EXPIRE, SHELVES_DATE, DESCRIPTION, NOTICE, classify_id, member_id, images)
values ('AFU 拉咬球 (顏色隨機出貨)', 69, 62, '2018-3-15',100, '2018-2-15', '尺寸：約 30 cm 重量：700 g 材質：棉繩 顏色：隨機出貨不挑色 注意事項：不可用機器浸泡清洗、避免受潮', '★ 啃咬，訓犬。★ 優質硬化棉繩，磨牙耐咬。★ 安全無毒材質使用，玩樂更安心。', 3, 2, 'https://i.imgur.com/fvIExGo.jpg');
insert into product (NAME, PRICE, STOCK, MAKE_DATE, EXPIRE, SHELVES_DATE, DESCRIPTION, NOTICE, classify_id, member_id, images)
values ('Petstages 耐咬史迪克 (XS)(迷你犬)', 162, 67, '2018-3-15',90, '2018-3-22', '實木與特殊合成材質 尺寸：L10 x W1.5 cm(適合4kg以下) 產地：中國製造/美國設計', '以真正的木頭合成，味道清新又耐咬！榮獲美國權威寵物雜誌Pet Product News票選2012年最佳推薦寵物商品。美國原廠專利材料製成。散發天然木頭香味。無毒合成材質，不會裂開刮傷狗狗牙齦。室內與室外玩耍都適合。', 3, 2, 'https://i.imgur.com/5R8NSwn.jpg');
insert into product (NAME, PRICE, STOCK, MAKE_DATE, EXPIRE, SHELVES_DATE, DESCRIPTION, NOTICE, classify_id, member_id, images)
values ('自然鮮 貓草薄荷球木天蓼健身棒棒糖', 99, 53, '2018-3-15',180, '2018-4-2', '清潔方式：不可直接水洗，可用濕布擦拭表面，再用日曬或烘乾機乾燥，香味就可以重新出現(請不要長時間曝曬於陽光下)。有機貓薄荷、木天蓼棒、人類食用膠 直徑：13.5cm(天然材料會有正負1cm的差距) 產地：台灣', '貓咪咬棒棒糖可以摩擦牙齒，達到清潔牙垢的功效。棒棒糖較不易遺失，貓咪可任意啃咬。人類食用等級膠黏著，可安心食用，貓咪玩耍時會有掉屑情況，屬正常現象。貓咪可利用玩耍棒棒糖而得到大量運動，消耗體能，增進食慾。', 3, 2, 'https://i.imgur.com/vAXhzfx.jpg');
insert into product (NAME, PRICE, STOCK, MAKE_DATE, EXPIRE, SHELVES_DATE, DESCRIPTION, NOTICE, classify_id, member_id, images)
values ('AFU 御用 二口原木餐桌 (附陶瓷碗 2 個)', 690, 92, '2018-3-15',150, '2018-2-14', '規格：36*18.5 cm 材質：天然100%原木製成 (非訪間貼廉價塑膠皮) 重量：1340 克/組 注意事項：★商品含白色寵物專用陶瓷碗2個 ★高度可調15 or 7.5 cm 買家注意：★商品需自行組裝。★表面經過高級防水處裡，用濕抹布擦拭即可。', '★可調整高低，適用幼貓 \ 成貓 \ 小型犬。★托盤式設計，方便貓奴服務。★貓狗長期低頭吃飯容易造成健康方面問題。★AFU碗架可以隨著寶貝們成長過程調整高度。★MIT台灣製造，TAIWAN NO.1～', 4, 2, 'https://i.imgur.com/YWtoq8J.jpg');
insert into product (NAME, PRICE, STOCK, MAKE_DATE, EXPIRE, SHELVES_DATE, DESCRIPTION, NOTICE, classify_id, member_id, images)
values ('ACEPET 貓咪蹭蹭刷 - 胡桃褐（附貓草）', 180, 83, '2018-3-15',360, '2018-2-25', '規格：13.5 X 10.5 X 5 cm', '主子的美毛工具!你知道貓主子為什麼會一直磨蹭家具或牆角嗎? 貓咪藉由磨蹭兩頰及側身留下費洛蒙，這個舉動可以讓牠們畫清地盤領域，在空間中更有安全感喔~ 蹭蹭刷柔軟的刷毛不僅可以幫貓咪散播氣味更可以幫主子梳理毛髮!達到舒壓的功能呢~', 4, 2, 'https://i.imgur.com/tUw5q2J.jpg');

/*9 orders*/
insert into orders (orderdate, totalamount, member_id) values('2018-5-10 12:38:10', 1280, 2);
insert into orders (orderdate, totalamount, member_id) values('2018-5-15 16:25:35', 2280, 3);
insert into orders (orderdate, totalamount, member_id) values('2018-5-13 03:31:09', 3650, 3);

/*10 ordersItem*/
insert into ordersitem (name, price, quantity, orders_id)
values('0% 零穀 5 種魚–全齡犬 晶亮護毛配方 2.5 磅', 600, 1, 1);
insert into ordersitem (name, price, quantity, orders_id) 
values('法國皇家XJ31 超小型幼犬 1.5 公斤', 680, 1, 1);
insert into ordersitem (name, price, quantity, orders_id)
values('優格0% 零穀 羊肉＋鮭魚–全齡犬 敏感配方 15 磅', 1100, 2, 2);
insert into ordersitem (name, price, quantity, orders_id) 
values('烘焙客全犬無穀類雞肉 (小顆粒) 1 公斤', 1180, 3, 2);
insert into ordersitem (name, price, quantity, orders_id)
values('法國皇家PRIJ27 小型室內幼犬 1.5 公斤', 580, 2, 3);
insert into ordersitem (name, price, quantity, orders_id) 
values('法國皇家PRIA21 小型室內成犬 1.5 公斤', 400, 1, 3);
insert into ordersitem (name, price, quantity, orders_id) 
values('柏萊富特調全齡犬配方(羊肉+糙米+雞肉) 5 磅', 1045, 2, 3);

/*11 designer*/
insert into designer (designer)values
('飛影'),
('琦玉'),
('陳浩南');



insert into SERVICECONTENT (CONTENT,time,price,designer_id)
values ('造型',1,200,1);
insert into SERVICECONTENT (CONTENT,time,price,designer_id)
values ('洗澡',1,300,1);
insert into SERVICECONTENT (CONTENT,time,price,designer_id)
values ('剪毛',1,400,1);
insert into SERVICECONTENT (CONTENT,time,price,designer_id)
values ('造型',1,200,2);
insert into SERVICECONTENT (CONTENT,time,price,designer_id)
values ('洗澡',1,300,2);
insert into SERVICECONTENT (CONTENT,time,price,designer_id)
values ('剪毛',1,400,2);
insert into SERVICECONTENT (CONTENT,time,price,designer_id)
values ('造型',1,200,3);
insert into SERVICECONTENT (CONTENT,time,price,designer_id)
values ('洗澡',1,300,3);
insert into SERVICECONTENT (CONTENT,time,price,designer_id)
values ('剪毛',1,400,3);


insert into MYFRIEND (MEMBER_ID,love,Friend_id)
values (3,true,'1');
insert into MYFRIEND (MEMBER_ID,love,Friend_id)
values (3,true,'2');
insert into MYFRIEND (MEMBER_ID,love,Friend_id)
values (3,true,'4');
insert into MYFRIEND (MEMBER_ID,love,Friend_id)
values (3,true,5);
insert into MYFRIEND (MEMBER_ID,love,Friend_id)
values (3,true,6);
insert into MYFRIEND (MEMBER_ID,love,Friend_id)
values (3,true,7);

